INSERT INTO categories VALUES
(1, 'Electronics'),
(2, 'Home'),
(3, 'Clothing'),
(4, 'Sports'),
(5, 'Books');

INSERT INTO products VALUES
(1, 'Laptop', 1, 800.00),
(2, 'Headphones', 1, 120.00),
(3, 'Smartphone', 1, 700.00),
(4, 'Keyboard', 1, 50.00),
(5, 'Coffee Table', 2, 150.00),
(6, 'Desk Lamp', 2, 35.00),
(7, 'Dining Chair', 2, 80.00),
(8, 'Bookshelf', 2, 120.00),
(9, 'Jeans', 3, 45.00),
(10, 'T-Shirt', 3, 20.00),
(11, 'Jacket', 3, 90.00),
(12, 'Trainers', 3, 70.00),
(13, 'Football', 4, 25.00),
(14, 'Tennis Racket', 4, 100.00),
(15, 'Yoga Mat', 4, 30.00),
(16, 'Dumbbells', 4, 60.00),
(17, 'SQL for Beginners', 5, 25.00),
(18, 'Python Crash Course', 5, 35.00),
(19, 'Data Science Handbook', 5, 40.00),
(20, 'Business Analytics', 5, 30.00);

INSERT INTO customers VALUES
(1, 'John Smith', 'London'),
(2, 'Sarah Jones', 'Manchester'),
(3, 'Michael Brown', 'Liverpool'),
(4, 'Emma Wilson', 'Birmingham'),
(5, 'David Taylor', 'Leeds'),
(6, 'Sophia White', 'London'),
(7, 'James Green', 'Bristol'),
(8, 'Olivia Hall', 'Sheffield'),
(9, 'Daniel King', 'Leicester'),
(10, 'Grace Scott', 'Newcastle'),
(11, 'Samuel Young', 'London'),
(12, 'Ella Adams', 'Cardiff'),
(13, 'Joshua Baker', 'Nottingham'),
(14, 'Mia Carter', 'Oxford'),
(15, 'Noah Evans', 'Cambridge');

INSERT INTO orders VALUES
(1,1,'2026-01-05'),
(2,2,'2026-01-08'),
(3,3,'2026-01-12'),
(4,4,'2026-01-15'),
(5,5,'2026-01-18'),
(6,6,'2026-01-20'),
(7,7,'2026-01-22'),
(8,8,'2026-01-25'),
(9,9,'2026-01-28'),
(10,10,'2026-02-02'),
(11,11,'2026-02-05'),
(12,12,'2026-02-08'),
(13,13,'2026-02-11'),
(14,14,'2026-02-14'),
(15,15,'2026-02-18'),
(16,1,'2026-02-20'),
(17,2,'2026-02-22'),
(18,3,'2026-02-25'),
(19,4,'2026-03-01'),
(20,5,'2026-03-03'),
(21,6,'2026-03-05'),
(22,7,'2026-03-08'),
(23,8,'2026-03-10'),
(24,9,'2026-03-12'),
(25,10,'2026-03-15'),
(26,11,'2026-03-18'),
(27,12,'2026-03-20'),
(28,13,'2026-03-22'),
(29,14,'2026-03-25'),
(30,15,'2026-03-28');

INSERT INTO order_items (order_item_id, order_id, product_id, quantity)
VALUES
(1,1,1,1),
(2,1,2,2),
(3,2,3,1),
(4,2,10,3),
(5,3,5,1),
(6,3,17,2),
(7,4,14,1),
(8,5,11,1),
(9,6,4,2),
(10,7,13,3),
(11,8,8,1),
(12,9,18,2),
(13,10,6,1),
(14,11,20,1),
(15,12,15,2),
(16,13,9,2),
(17,14,12,1),
(18,15,7,2),
(19,16,2,1),
(20,17,1,1),
(21,18,19,2),
(22,19,3,1),
(23,20,16,1),
(24,21,5,2),
(25,22,14,1),
(26,23,17,1),
(27,24,10,4),
(28,25,4,2),
(29,26,20,1),
(30,27,13,2),
(31,28,18,1),
(32,29,6,3),
(33,30,11,1);
